n,media,mediana,dp,minimo,maximo,assimetria,curtose
20,1.97,1.5,1.0177891416408926,0.8,3.9,0.7290900667896932,-1.1162052083621916
