Cultura,n,media,mediana,desvio_padrao,minimo,maximo
Soja,8,3.025,3.1500000000000004,0.7741354624907156,1.8,3.9
Feijao,12,1.2666666666666668,1.3,0.2424621182533032,0.8,1.6
