n,media,mediana,desvio_padrao,minimo,maximo,q1,q3
20,1.9700000000000002,1.5,1.0177891416408926,0.8,3.9,1.275,2.95
